{"IcoMoonType":"selection","icons":[],"height":1024,"metadata":{"name":"back_art","designer":"侯耀武"},"preferences":{"showGlyphs":true,"showQuickUse":true,"showQuickUse2":true,"showSVGs":true,"fontPref":{"prefix":"back-art-","metadata":{"fontFamily":"back_art","majorVersion":1,"minorVersion":0,"designer":"侯耀武"},"metrics":{"emSize":1024,"baseline":6.25,"whitespace":50},"embed":false,"showSelector":false,"showMetrics":false,"showMetadata":true,"showVersion":false,"noie8":true,"ie7":false,"includeMetadata":true},"imagePref":{"prefix":"icon-","png":true,"useClassSelector":true,"color":0,"bgColor":16777215,"classSelector":".icon"},"historySize":50,"showCodes":true,"gridSize":16}}